model,avg_perplexity,avg_bleu,avg_vocabulary_diversity,avg_response_time
Naive Model,9.600000000000003,0.07535064902141678,1.0,3.1948089599609376e-06
N-gram Model,0.6,0.12575676305151132,0.6820040174878884,0.0002010822296142578
Transformer Model,6.795349025726319,0.35980054534544553,0.8186974789915966,0.785544466972351
